Code,A000270,A005930,A000660
Name,기아,삼성전자,SK하이닉스
20220420,80100.0,67400.0,112500.0
20220421,79900.0,67700.0,113000.0
20220422,79800.0,67000.0,110500.0
20220425,79600.0,66300.0,108000.0
20220426,83500.0,66100.0,111000.0
20220427,83300.0,65000.0,108500.0
20220428,83700.0,64800.0,109500.0
20220429,83800.0,67400.0,112500.0
20220502,84400.0,67300.0,110500.0
20220503,83500.0,67500.0,110000.0
20220504,83500.0,67900.0,109500.0
20220506,83900.0,66500.0,107500.0
20220509,82600.0,66100.0,107500.0
20220510,84100.0,65700.0,110000.0
20220511,86100.0,65700.0,110500.0
20220512,86300.0,64900.0,109000.0
20220513,86300.0,66500.0,112500.0
20220516,85200.0,66300.0,110500.0
20220517,85200.0,67600.0,112500.0
20220518,84500.0,68100.0,113500.0
20220519,82100.0,67500.0,111000.0
20220520,83900.0,68000.0,112500.0
20220523,84200.0,67900.0,113000.0
20220524,83300.0,66500.0,108500.0
20220525,82600.0,66400.0,108000.0
20220526,82400.0,65900.0,103000.0
20220527,82900.0,66500.0,106000.0
20220530,83600.0,67700.0,107000.0
20220531,85700.0,67400.0,108000.0
20220602,85000.0,66700.0,107000.0
20220603,83500.0,66800.0,107000.0
20220607,83000.0,65500.0,104000.0
20220608,81800.0,65300.0,106000.0
20220609,82200.0,65200.0,105500.0
20220610,82400.0,63800.0,103500.0
20220613,79200.0,62100.0,99000.0
20220614,78000.0,61900.0,99100.0
20220615,78100.0,60700.0,97900.0
20220616,77200.0,60900.0,97400.0
20220617,76100.0,59800.0,96400.0
20220620,75500.0,58700.0,94500.0
20220621,77300.0,58500.0,95200.0
20220622,76400.0,57600.0,92200.0
20220623,77200.0,57400.0,90200.0
20220624,77500.0,58400.0,91600.0
20220627,80900.0,58800.0,95000.0
20220628,81900.0,59400.0,95300.0
20220629,76900.0,58000.0,94000.0
20220630,77300.0,57000.0,91000.0
20220701,78000.0,56200.0,87500.0
20220704,78500.0,57100.0,89100.0
20220705,78400.0,57200.0,92500.0
20220706,75400.0,56400.0,92100.0
20220707,75700.0,58200.0,93900.0
20220708,76800.0,58700.0,94800.0
20220711,78000.0,58800.0,93700.0
20220712,78700.0,58100.0,93300.0
20220713,79800.0,58000.0,94000.0
20220714,78800.0,57500.0,94000.0
20220715,79100.0,60000.0,98700.0
20220718,80100.0,61900.0,101000.0
20220719,82100.0,60900.0,100000.0
20220720,81600.0,60500.0,102000.0
20220721,82000.0,61800.0,102500.0
20220722,80900.0,61300.0,100000.0
20220725,82300.0,61100.0,100000.0
20220726,82500.0,61700.0,100500.0
20220727,80800.0,61800.0,100000.0
20220728,80500.0,61900.0,99400.0
20220729,81200.0,61400.0,97900.0
20220801,80400.0,61300.0,97100.0
20220802,81200.0,61700.0,96500.0
20220803,81300.0,61300.0,97500.0
20220804,81300.0,61500.0,97500.0
20220805,80500.0,61500.0,98500.0
20220808,81400.0,60800.0,96300.0
20220809,81500.0,60000.0,95100.0
20220810,80700.0,59100.0,91800.0
20220811,80800.0,59900.0,93300.0
20220812,82400.0,60200.0,93300.0
20220816,82000.0,61000.0,96700.0
20220817,78700.0,60400.0,97100.0
20220818,76700.0,61500.0,95700.0
20220819,77200.0,60900.0,96400.0
20220822,77400.0,60000.0,95200.0
20220823,77400.0,59100.0,93600.0
20220824,76600.0,59000.0,93200.0
20220825,79100.0,59700.0,94100.0
20220826,78900.0,60000.0,95100.0
20220829,77500.0,58600.0,92500.0
20220830,80100.0,58800.0,93200.0
20220831,80800.0,59700.0,95200.0
20220901,80200.0,58400.0,92400.0
20220902,80800.0,57500.0,91700.0
20220905,81000.0,57100.0,91100.0
20220906,81400.0,57100.0,91800.0
20220907,82300.0,56000.0,90400.0
20220908,80900.0,55600.0,90400.0
20220913,81300.0,58100.0,94800.0
20220914,80300.0,56800.0,93000.0
20220915,80000.0,56000.0,92000.0
20220916,81100.0,56200.0,91200.0
20220919,80800.0,56400.0,90000.0
20220920,80400.0,55800.0,88000.0
20220921,79700.0,55300.0,88000.0
20220922,79200.0,54400.0,86000.0
20220923,77600.0,54500.0,83500.0
20220926,74800.0,53900.0,82500.0
20220927,76500.0,54200.0,82000.0
20220928,73900.0,52900.0,81200.0
20220929,74500.0,52600.0,80800.0
20220930,71900.0,53100.0,83100.0
20221004,72800.0,55200.0,86200.0
20221005,71100.0,56000.0,89800.0
20221006,71500.0,56300.0,89900.0
20221007,71000.0,56200.0,91200.0
20221011,67400.0,55400.0,90200.0
20221012,68200.0,55800.0,94000.0
20221013,68300.0,55200.0,94900.0
20221014,69000.0,56300.0,95500.0
20221017,68700.0,56600.0,95200.0
20221018,69100.0,56500.0,95800.0
20221019,69000.0,55800.0,92900.0
20221020,68400.0,55500.0,90200.0
20221021,67900.0,55900.0,90500.0
20221024,65300.0,57500.0,91800.0
20221025,66300.0,57700.0,93500.0
20221026,65500.0,59400.0,93900.0
20221027,66000.0,59500.0,90000.0
20221028,66200.0,57300.0,83400.0
20221031,66300.0,59400.0,82700.0
20221101,66300.0,60000.0,83900.0
20221102,66200.0,59600.0,84500.0
20221103,64500.0,59200.0,82700.0
20221104,65300.0,59400.0,84500.0
20221107,67100.0,60200.0,86500.0
20221108,67500.0,61800.0,87700.0
20221109,67400.0,62000.0,89200.0
20221110,66600.0,60400.0,89100.0
20221111,68000.0,62900.0,93500.0
20221114,69900.0,61900.0,90900.0
20221115,68500.0,62400.0,91600.0
20221116,67800.0,62700.0,91500.0
20221117,66300.0,61400.0,87700.0
20221118,66000.0,61800.0,88400.0
20221121,65200.0,61400.0,86300.0
20221122,65200.0,60600.0,85200.0
20221123,66300.0,61000.0,85200.0
20221124,65900.0,61400.0,86900.0
20221125,65400.0,61000.0,85100.0
20221128,65400.0,60100.0,83100.0
20221129,67300.0,60600.0,83700.0
20221130,68600.0,62200.0,85000.0
20221201,68600.0,62600.0,84700.0
20221202,66500.0,60400.0,81900.0
20221205,65600.0,60300.0,81000.0
20221206,65100.0,59200.0,81000.0
20221207,65000.0,58900.0,78900.0
20221208,64700.0,59200.0,78800.0
20221209,65200.0,60400.0,81500.0
20221212,65100.0,59500.0,81100.0
20221213,62500.0,59700.0,82300.0
20221214,64100.0,60500.0,81800.0
20221215,64100.0,59300.0,80200.0
20221216,64100.0,59500.0,78400.0
20221219,62400.0,59500.0,79000.0
20221220,62400.0,58600.0,78300.0
20221221,62000.0,58000.0,78000.0
20221222,63500.0,59100.0,79200.0
20221223,62700.0,58100.0,77800.0
20221226,63700.0,57900.0,77000.0
20221227,64100.0,58100.0,77000.0
20221228,60900.0,56600.0,76000.0
20221229,59300.0,55300.0,75000.0
20230102,61500.0,55500.0,75700.0
20230103,62400.0,55400.0,75600.0
20230104,62000.0,57800.0,81000.0
20230105,61100.0,58200.0,81400.0
20230106,61500.0,59000.0,83100.0
20230109,64100.0,60700.0,86000.0
20230110,63900.0,60400.0,86500.0
20230111,64200.0,60500.0,87300.0
20230112,63900.0,60500.0,86800.0
20230113,65300.0,60800.0,85700.0
20230116,64600.0,61100.0,85800.0
20230117,65000.0,61000.0,86000.0
20230118,64700.0,60400.0,85100.0
20230119,64300.0,61500.0,85500.0
20230120,64300.0,61800.0,87600.0
20230125,65000.0,63400.0,91400.0
20230126,69300.0,63900.0,92300.0
20230127,68700.0,64600.0,91500.0
20230130,68600.0,63300.0,90700.0
20230131,66800.0,61000.0,88500.0
20230201,69500.0,61800.0,91400.0
20230202,69700.0,63500.0,93400.0
20230203,71200.0,63800.0,92200.0
20230206,70500.0,61600.0,89100.0
20230207,71300.0,61900.0,90800.0
20230208,71500.0,63100.0,94900.0
20230209,71700.0,63000.0,94400.0
20230210,72400.0,62800.0,93500.0
20230213,73200.0,62900.0,90600.0
20230214,73500.0,63200.0,93400.0
20230215,72600.0,62200.0,91700.0
20230216,76500.0,63700.0,92900.0
20230217,76400.0,62600.0,92000.0
20230220,76300.0,62700.0,92500.0
20230221,76600.0,62100.0,91200.0
20230222,74500.0,61100.0,89100.0
20230223,76400.0,62000.0,92700.0
20230224,75300.0,61300.0,91000.0
20230227,76000.0,60500.0,90000.0
20230228,75300.0,60600.0,89400.0
20230302,77800.0,60800.0,88100.0
20230303,78200.0,60500.0,87300.0
20230306,78500.0,61500.0,89700.0
20230307,77600.0,60700.0,88900.0
20230308,78900.0,60300.0,86800.0
20230309,78100.0,60100.0,85600.0
20230310,78000.0,59500.0,83300.0
20230313,78800.0,60000.0,84300.0
20230314,76300.0,59000.0,81100.0
20230315,79600.0,59800.0,79100.0
20230316,79100.0,59900.0,79000.0
20230317,80200.0,61300.0,84000.0
20230320,78000.0,60200.0,83700.0
20230321,77700.0,60300.0,83600.0
20230322,78900.0,61100.0,86900.0
20230323,78400.0,62300.0,88500.0
20230324,77600.0,63000.0,87300.0
20230327,76000.0,62100.0,85500.0
20230328,76900.0,62900.0,88400.0
20230329,79500.0,62700.0,86900.0
20230330,79400.0,63200.0,88800.0
20230331,81000.0,64000.0,88600.0
20230403,81200.0,63100.0,87200.0
20230404,80100.0,63600.0,84500.0
20230405,81300.0,63900.0,84600.0
20230406,81000.0,62300.0,83800.0
20230407,80100.0,65000.0,89100.0
20230410,81000.0,65700.0,90700.0
20230411,85000.0,65900.0,91800.0
20230412,86100.0,66000.0,90300.0
20230413,86600.0,66100.0,88700.0
20230414,85300.0,65100.0,89300.0
20230417,84500.0,65300.0,88500.0
20230418,82700.0,65600.0,87600.0
20230419,85400.0,65500.0,88200.0
20230420,84100.0,65300.0,87700.0
20230421,83300.0,65700.0,89100.0
20230424,84700.0,65200.0,87200.0
20230425,86600.0,63600.0,85500.0
20230426,85700.0,64100.0,87400.0
20230427,86600.0,64600.0,88800.0
20230428,84500.0,65500.0,89500.0
20230502,86900.0,65700.0,90200.0
20230503,86500.0,65400.0,89800.0
20230504,85900.0,65100.0,88700.0
20230508,87100.0,65900.0,88700.0
20230509,87600.0,65300.0,87300.0
20230510,90000.0,64600.0,86900.0
20230511,90100.0,64200.0,86300.0
20230512,89400.0,64100.0,87200.0
20230515,90000.0,64500.0,86400.0
20230516,87300.0,65400.0,90400.0
20230517,88100.0,65000.0,91900.0
20230518,89900.0,66200.0,93600.0
20230519,88700.0,68400.0,97300.0
20230522,88800.0,68500.0,98200.0
20230523,88700.0,68400.0,97900.0
20230524,89100.0,68500.0,97700.0
20230525,87100.0,68800.0,103500.0
20230526,87400.0,70300.0,109200.0
20230530,85600.0,72300.0,110300.0
20230531,85900.0,71400.0,108600.0
20230601,84200.0,70900.0,110300.0
20230602,85200.0,72200.0,110300.0
20230605,86200.0,71700.0,108700.0
20230607,82000.0,71000.0,108000.0
20230608,81400.0,70900.0,109700.0
20230609,82900.0,72000.0,115400.0
20230612,81600.0,71000.0,114800.0
20230613,82300.0,72000.0,119500.0
20230614,83000.0,71900.0,118800.0
20230615,82300.0,71500.0,119000.0
20230616,81600.0,71800.0,118900.0
20230619,82300.0,71200.0,114800.0
20230620,81700.0,71400.0,116100.0
20230621,83900.0,70500.0,115100.0
20230622,83400.0,71300.0,114000.0
20230623,83400.0,71600.0,113600.0
20230626,85500.0,72400.0,113500.0
20230627,86200.0,72600.0,113000.0
20230628,86400.0,72700.0,114300.0
20230629,86000.0,72400.0,116200.0
20230630,88500.0,72200.0,115200.0
20230703,88500.0,73000.0,117600.0
20230704,88900.0,73000.0,117900.0
20230705,88100.0,72000.0,116700.0
20230706,89000.0,71600.0,113800.0
20230707,87900.0,69900.0,111800.0
20230710,87500.0,69500.0,110300.0
20230711,88500.0,71500.0,113400.0
20230712,88400.0,71900.0,115400.0
20230713,87500.0,71900.0,114100.0
20230714,88700.0,73400.0,118000.0
20230717,86600.0,73300.0,117200.0
20230718,85900.0,72000.0,117800.0
20230719,86000.0,71700.0,117500.0
20230720,84300.0,71000.0,116900.0
20230721,84500.0,70300.0,115100.0
20230724,83500.0,70400.0,114000.0
20230725,84600.0,70000.0,113400.0
20230726,82600.0,69800.0,113000.0
20230727,83100.0,71700.0,124000.0
20230728,84200.0,70600.0,128000.0
20230731,82700.0,69800.0,123400.0
20230801,83300.0,71100.0,125100.0
20230802,80000.0,69900.0,119500.0
20230803,80700.0,68800.0,120000.0
20230804,80600.0,68300.0,120100.0
20230807,77600.0,68500.0,121900.0
20230808,78300.0,67600.0,118600.0
20230809,78900.0,68900.0,118500.0
20230810,78900.0,68000.0,118500.0
20230811,80300.0,67500.0,115300.0
20230814,78700.0,67300.0,114900.0
20230816,78000.0,67000.0,115800.0
20230817,78400.0,66700.0,114800.0
20230818,78400.0,66300.0,117200.0
20230821,78100.0,66600.0,116400.0
20230822,78800.0,66600.0,116500.0
20230823,78700.0,67100.0,116000.0
20230824,78800.0,68200.0,120900.0
20230825,78100.0,67100.0,116500.0
20230828,78300.0,66800.0,115900.0
20230829,80200.0,66800.0,118600.0
20230830,80400.0,67100.0,119400.0
20230831,80200.0,66900.0,121800.0
20230901,79700.0,71000.0,120000.0
20230904,80000.0,71200.0,119200.0
20230905,79100.0,70700.0,119400.0
20230906,78900.0,70000.0,118200.0
20230907,78300.0,70400.0,118500.0
20230908,77800.0,70300.0,113700.0
20230911,77600.0,70800.0,115900.0
20230912,77700.0,70500.0,116700.0
20230913,78500.0,70900.0,118500.0
20230914,79200.0,71700.0,122200.0
20230915,80100.0,72000.0,122400.0
20230918,79400.0,70200.0,119000.0
20230919,79400.0,69800.0,119200.0
20230920,81400.0,69600.0,118000.0
20230921,79800.0,68900.0,116500.0
20230922,80200.0,68800.0,117300.0
20230925,82100.0,69400.0,117000.0
20230926,80900.0,68600.0,115000.0
20230927,81400.0,68400.0,114700.0
20231004,81900.0,67500.0,115400.0
20231005,83500.0,66700.0,120200.0
20231006,85200.0,66000.0,120400.0
20231010,84100.0,66400.0,119500.0
20231011,84500.0,68200.0,119200.0
20231012,84500.0,68900.0,124200.0
20231013,84200.0,68000.0,124700.0
20231016,83900.0,67300.0,124100.0
20231017,82300.0,69400.0,130000.0
20231018,83900.0,70500.0,130000.0
20231019,84100.0,69500.0,125700.0
20231020,81700.0,68800.0,126200.0
20231023,83000.0,68400.0,124000.0
20231024,82100.0,68500.0,126800.0
20231025,82000.0,68000.0,127500.0
20231026,81000.0,66700.0,120000.0
20231027,79700.0,67300.0,119100.0
20231030,78100.0,67300.0,119100.0
20231031,76900.0,66900.0,116300.0
20231101,77400.0,68600.0,120300.0
20231102,78500.0,69700.0,125300.0
20231103,77600.0,69600.0,125800.0
20231106,79000.0,70900.0,133000.0
20231107,77500.0,70900.0,130400.0
20231108,77000.0,69900.0,127600.0
20231109,77500.0,70300.0,128000.0
20231110,77000.0,70500.0,130500.0
20231113,77000.0,70400.0,131800.0
20231114,78200.0,70800.0,130000.0
20231115,81500.0,72200.0,134100.0
20231116,84500.0,72800.0,132300.0
20231117,85200.0,72500.0,129900.0
20231120,84400.0,72700.0,131400.0
20231121,83600.0,72800.0,132000.0
20231122,83100.0,72800.0,131300.0
20231123,84500.0,72400.0,130100.0
20231124,84200.0,71700.0,128000.0
20231127,84100.0,71300.0,130700.0
20231128,84600.0,72700.0,131400.0
20231129,86000.0,72700.0,130400.0
20231130,85900.0,72800.0,133900.0
20231201,85800.0,72000.0,132600.0
20231204,84100.0,72600.0,131100.0
20231205,84100.0,71200.0,125900.0
20231206,84500.0,71700.0,125600.0
20231207,85100.0,71500.0,125600.0
20231208,86400.0,72600.0,127500.0
20231211,87100.0,73000.0,128900.0
20231212,87400.0,73500.0,131000.0
20231213,87400.0,72800.0,131200.0
20231214,87200.0,73100.0,136700.0
20231215,89300.0,73300.0,140000.0
20231218,89400.0,72900.0,140000.0
20231219,89300.0,73400.0,138200.0
20231220,95000.0,74800.0,140500.0
20231221,95400.0,75000.0,140500.0
20231222,95600.0,75900.0,140600.0
20231226,96300.0,76600.0,140900.0
20231227,97000.0,78000.0,140400.0
20231228,100000.0,78500.0,141500.0
20240102,97600.0,79600.0,142400.0
20240103,93800.0,77000.0,136800.0
20240104,92900.0,76600.0,136400.0
20240105,91600.0,76600.0,137500.0
20240108,88900.0,76500.0,136000.0
20240109,89100.0,74700.0,137400.0
20240110,90500.0,73600.0,133500.0
20240111,89700.0,73200.0,136000.0
20240112,88300.0,73100.0,134100.0
20240115,90900.0,73900.0,134100.0
20240116,89800.0,72600.0,132100.0
20240117,87900.0,71000.0,131000.0
20240118,87300.0,71700.0,136200.0
20240119,87600.0,74700.0,141300.0
20240122,87200.0,75100.0,142600.0
20240123,87900.0,75200.0,140800.0
20240124,87900.0,74000.0,141500.0
20240125,93000.0,74100.0,137400.0
20240126,94400.0,73400.0,136000.0
20240129,99900.0,74400.0,135000.0
20240130,98000.0,74300.0,136900.0
20240131,102900.0,72700.0,134700.0
20240201,106300.0,73600.0,132700.0
20240202,119500.0,75200.0,134900.0
20240205,118300.0,74300.0,132300.0
20240206,111600.0,74400.0,138000.0
20240207,114700.0,75000.0,138000.0
20240208,113200.0,74100.0,142800.0
20240213,117200.0,75200.0,150000.0
20240214,117600.0,74000.0,148700.0
20240215,113500.0,73000.0,148700.0
20240216,115800.0,72800.0,146800.0
20240219,117600.0,73800.0,151300.0
20240220,116100.0,73300.0,149600.0
20240221,116800.0,73000.0,149000.0
20240222,119300.0,73100.0,156500.0
20240223,118400.0,72900.0,161400.0
20240226,114600.0,72800.0,161800.0
20240227,112600.0,72900.0,153800.0
20240228,117700.0,73200.0,158000.0
20240229,124500.0,73400.0,156200.0
20240304,125600.0,74900.0,166500.0
20240305,123000.0,73700.0,165800.0
20240306,127000.0,72900.0,162900.0
20240307,126100.0,72200.0,164900.0
20240308,128400.0,73300.0,171900.0
20240311,126200.0,72400.0,166600.0
20240312,126100.0,73300.0,165700.0
20240313,125900.0,74100.0,163600.0
20240314,128500.0,74300.0,161900.0
20240315,125000.0,72300.0,161200.0
20240318,128000.0,72800.0,164300.0
20240319,118900.0,72800.0,160200.0
20240320,115700.0,76900.0,156500.0
20240321,115700.0,79300.0,170000.0
20240322,112900.0,78900.0,169800.0
20240325,111500.0,78200.0,169400.0
20240326,114400.0,79900.0,176600.0
20240327,113600.0,79800.0,181200.0
20240328,112000.0,80800.0,178200.0
20240329,110200.0,82400.0,183000.0
20240401,108700.0,82000.0,185500.0
20240402,104700.0,85000.0,186300.0
20240403,101800.0,84100.0,179200.0
20240404,106700.0,85300.0,188000.0
20240405,105000.0,84500.0,182800.0
20240408,108500.0,84500.0,181200.0
20240409,108000.0,83600.0,182900.0
20240411,111700.0,84100.0,188400.0
20240412,109800.0,83700.0,187400.0
20240415,114600.0,82200.0,188200.0
20240416,114700.0,80000.0,179100.0
20240417,113100.0,78900.0,178700.0
20240418,112200.0,79600.0,182300.0
20240419,110400.0,77600.0,173300.0
20240422,115100.0,76100.0,171600.0
20240423,115900.0,75500.0,171000.0
20240424,116200.0,78600.0,179800.0
20240425,116600.0,76300.0,170600.0
20240426,118200.0,76700.0,177800.0
20240429,118300.0,76700.0,175900.0
20240430,118000.0,77500.0,174200.0
20240502,119600.0,78000.0,173600.0
20240503,113900.0,77600.0,173200.0
20240507,115700.0,81300.0,179600.0
20240508,116000.0,81300.0,178000.0
20240509,111700.0,79700.0,175400.0
20240510,114100.0,79200.0,179900.0
20240513,114300.0,78400.0,183800.0
20240514,113900.0,78300.0,185300.0
20240516,114700.0,78200.0,193000.0
20240517,112700.0,77400.0,189900.0
20240520,114900.0,78900.0,190100.0
20240521,114400.0,78400.0,192000.0
20240522,118900.0,77700.0,197700.0
20240523,120500.0,78300.0,200000.0
20240524,120000.0,75900.0,198600.0
20240527,122500.0,77200.0,201500.0
20240528,122400.0,77600.0,202500.0
20240529,122000.0,75200.0,202500.0
20240530,117700.0,73500.0,195700.0
20240531,117700.0,73500.0,189200.0
20240603,120700.0,75700.0,194200.0
20240604,119000.0,75300.0,193300.0
20240605,119500.0,77400.0,193700.0
20240607,121100.0,77300.0,207500.0
20240610,121400.0,75700.0,208000.0
20240611,122000.0,75200.0,212500.0
20240612,122500.0,76500.0,215000.0
20240613,121700.0,78600.0,222000.0
20240614,122700.0,79600.0,221000.0
20240617,129100.0,78100.0,223000.0
20240618,131000.0,79800.0,234500.0
20240619,132300.0,81200.0,233500.0
20240620,130600.0,81600.0,237500.0
20240621,127900.0,80000.0,234000.0
20240624,128300.0,80600.0,223000.0
20240625,129000.0,80800.0,225000.0
20240626,130800.0,81300.0,237000.0
20240627,131500.0,81600.0,236500.0
20240628,129300.0,81500.0,236500.0
20240701,128600.0,81800.0,235500.0
20240702,123600.0,81800.0,232000.0
20240703,123700.0,81800.0,236000.0
20240704,125600.0,84600.0,230000.0
20240705,126300.0,87100.0,236000.0
20240708,124200.0,87400.0,233500.0
20240709,122500.0,87800.0,238500.0
20240710,122000.0,87800.0,239000.0
20240711,122300.0,87600.0,241000.0
20240712,121300.0,84400.0,233000.0
20240715,120000.0,86700.0,230000.0
20240716,122900.0,87700.0,233000.0
20240717,121000.0,86700.0,220500.0
20240718,119900.0,86900.0,212500.0
20240719,116300.0,84400.0,209500.0
20240722,115900.0,83000.0,205000.0
20240723,120500.0,83900.0,205000.0
20240724,118400.0,82000.0,208500.0
20240725,115000.0,80400.0,190000.0
20240726,112100.0,80900.0,191800.0
20240729,113700.0,81200.0,195600.0
20240730,111600.0,81000.0,188900.0
20240731,112100.0,83900.0,194600.0
20240801,112100.0,83100.0,193300.0
20240802,107100.0,79600.0,173200.0
20240805,96300.0,71400.0,156100.0
20240806,102700.0,72500.0,163700.0
20240807,101600.0,74700.0,169300.0
20240808,101600.0,73400.0,163400.0
20240809,101900.0,74700.0,171500.0
20240812,102100.0,75500.0,177000.0
20240813,102800.0,76100.0,181900.0
20240814,102300.0,77200.0,186700.0
20240816,105900.0,80200.0,199700.0
20240819,103200.0,78300.0,193900.0
20240820,103400.0,78900.0,199700.0
20240821,103000.0,78300.0,192600.0
20240822,102400.0,78300.0,191100.0
20240823,104000.0,77700.0,185500.0
20240826,102800.0,76100.0,179600.0
20240827,101800.0,75800.0,175000.0
20240828,104600.0,76400.0,179300.0
20240829,106600.0,74000.0,169700.0
20240830,106100.0,74300.0,173700.0
20240902,106100.0,74400.0,174000.0
20240903,102200.0,72500.0,168300.0
20240904,100200.0,70000.0,154800.0
20240905,100700.0,69000.0,159400.0
20240906,100000.0,68900.0,156400.0
20240909,100800.0,67500.0,157000.0
20240910,100200.0,66200.0,155500.0
20240911,96200.0,64900.0,157200.0
20240912,99100.0,66300.0,168800.0
20240913,100500.0,64400.0,162800.0
20240919,103500.0,63100.0,152800.0
20240920,105600.0,63000.0,157100.0
20240923,103200.0,62600.0,162000.0
20240924,103800.0,63200.0,163500.0
20240925,102800.0,62200.0,165300.0
20240926,104900.0,64700.0,180900.0
20240927,104800.0,64200.0,183800.0
20240930,99900.0,61500.0,174600.0
20241002,98700.0,61300.0,169100.0
20241004,98000.0,60600.0,174100.0
20241007,100400.0,61000.0,184900.0
20241008,99600.0,60300.0,178000.0
20241010,100800.0,58900.0,186700.0
20241011,101100.0,59300.0,186000.0
20241014,100600.0,60800.0,187500.0
20241015,99700.0,61000.0,192900.0
20241016,97800.0,59500.0,188700.0
20241017,95200.0,59700.0,196000.0
20241018,95100.0,59200.0,187300.0
20241021,95000.0,59000.0,190900.0
20241022,92500.0,57700.0,187800.0
20241023,93000.0,59100.0,196000.0
20241024,90900.0,56600.0,198200.0
20241025,92700.0,55900.0,201000.0
20241028,95500.0,58100.0,196000.0
20241029,93700.0,59600.0,190300.0
20241030,94100.0,59100.0,195000.0
20241031,91900.0,59200.0,186300.0
20241101,94300.0,58300.0,182200.0
20241104,97400.0,58700.0,194000.0
20241105,97000.0,57600.0,193200.0
20241106,95000.0,57300.0,195800.0
20241107,94000.0,57500.0,197400.0
20241108,93000.0,57000.0,200500.0
20241111,94600.0,55000.0,192600.0
20241112,91900.0,53000.0,185800.0
20241113,90800.0,50600.0,182900.0
20241114,92500.0,49900.0,173000.0
20241115,91600.0,53500.0,178200.0
20241118,96700.0,56700.0,171700.0
20241119,95300.0,56300.0,170600.0
20241120,98100.0,55300.0,170600.0
20241121,97600.0,56400.0,168800.0
20241122,97800.0,56000.0,176700.0
20241125,97200.0,57900.0,177000.0
20241126,97300.0,58300.0,177100.0
20241127,94300.0,56300.0,168300.0
20241128,95000.0,55500.0,161100.0
20241129,92900.0,54200.0,159900.0
20241202,94200.0,53600.0,158800.0
20241203,98000.0,53600.0,164900.0
20241204,98100.0,53100.0,168000.0
20241205,94000.0,53700.0,173000.0
20241206,94800.0,54100.0,167100.0
20241209,92000.0,53400.0,168900.0
20241210,95800.0,54000.0,170400.0
20241211,96500.0,54000.0,171800.0
20241212,97200.0,55900.0,176100.0
20241213,98100.0,56100.0,175500.0
20241216,95300.0,55600.0,179300.0
20241217,95700.0,54200.0,184000.0
20241218,101800.0,54900.0,183500.0
20241219,100600.0,53100.0,175000.0
20241220,101200.0,53000.0,168500.0
20241223,100900.0,53500.0,169600.0
20241224,100600.0,54400.0,168500.0
20241226,102900.0,53600.0,170100.0
20241227,100900.0,53700.0,174500.0
20241230,100700.0,53200.0,173900.0
20250102,101600.0,53400.0,171200.0
20250103,100700.0,54400.0,181900.0
20250106,100500.0,55900.0,199800.0
20250107,99100.0,55400.0,195000.0
20250108,101000.0,57300.0,194700.0
20250109,103300.0,56100.0,205000.0
20250110,105600.0,55300.0,203500.0
20250113,105400.0,54100.0,194300.0
20250114,106700.0,53900.0,195000.0
20250115,103300.0,53700.0,198200.0
20250116,103400.0,54300.0,210000.0
20250117,101500.0,53700.0,214500.0
20250120,101000.0,53400.0,212000.0
20250121,101000.0,53500.0,218000.0
20250122,103000.0,54300.0,225500.0
20250123,102700.0,53700.0,219500.0
20250124,101700.0,53700.0,221000.0
20250131,102000.0,52400.0,199200.0
20250203,96100.0,51000.0,190900.0
20250204,96700.0,52700.0,191100.0
20250205,98100.0,52900.0,198800.0
20250206,98800.0,54000.0,203500.0
20250207,96500.0,53700.0,203000.0
20250210,94600.0,55600.0,198100.0
20250211,93800.0,55700.0,199700.0
20250212,91700.0,55800.0,198900.0
20250213,94300.0,55800.0,208500.0
20250214,95000.0,56000.0,210000.0
20250217,94300.0,56000.0,212000.0
20250218,93900.0,56900.0,210000.0
20250219,95000.0,58700.0,218500.0
20250220,94500.0,58400.0,212000.0
20250221,94600.0,58200.0,209500.0
20250224,94900.0,57300.0,205000.0
20250225,93200.0,57200.0,200500.0
20250226,94100.0,56600.0,203000.0
20250227,94600.0,56300.0,199200.0
20250228,93200.0,54500.0,190200.0
20250304,93300.0,54500.0,186100.0
20250305,95900.0,54000.0,193100.0
20250306,98000.0,54300.0,192400.0
20250307,96800.0,53700.0,192400.0
20250310,98000.0,53700.0,187900.0
20250311,98400.0,53600.0,187800.0
20250312,99100.0,54900.0,198900.0
20250313,100400.0,54700.0,199700.0
20250314,99500.0,54700.0,204500.0
20250317,98800.0,57600.0,206000.0
20250318,96400.0,57600.0,203000.0
20250319,97100.0,58500.0,205500.0
20250320,96000.0,60200.0,210000.0
20250321,95700.0,61700.0,215500.0
20250324,98700.0,60500.0,211500.0
20250325,100800.0,59800.0,208000.0
20250326,101400.0,61400.0,214000.0
20250327,97900.0,61800.0,207000.0
20250328,95300.0,60200.0,199300.0
20250331,92300.0,57800.0,190700.0
20250401,93200.0,58800.0,197000.0
20250402,92100.0,58800.0,197900.0
20250403,90800.0,57600.0,194600.0
20250404,89700.0,56100.0,182200.0
20250407,84600.0,53200.0,164800.0
20250408,84300.0,53500.0,169500.0
20250409,83800.0,53000.0,165000.0
20250410,88200.0,56400.0,183200.0
20250411,82000.0,55200.0,180800.0
20250414,83000.0,56200.0,180200.0
20250415,85800.0,56600.0,180600.0
20250416,84700.0,54700.0,174000.0
20250417,85000.0,55100.0,175000.0
20250418,87300.0,55300.0,175000.0
20250421,88000.0,55400.0,176600.0
20250422,86800.0,55000.0,173800.0
20250423,90000.0,55700.0,181000.0
20250424,88800.0,55700.0,178300.0
20250425,88200.0,55700.0,184400.0
20250428,88700.0,55800.0,182000.0
20250429,90600.0,55800.0,180800.0
20250430,90400.0,55500.0,177500.0
20250502,89400.0,54300.0,186000.0
20250507,88100.0,54600.0,190800.0
20250508,87800.0,54600.0,190300.0
20250509,89300.0,54800.0,190100.0
20250512,92400.0,57600.0,195000.0
20250513,93700.0,56900.0,198500.0
20250514,92400.0,57400.0,206000.0
20250515,91200.0,57300.0,200500.0
20250516,92000.0,56800.0,204500.0
20250519,91500.0,55800.0,199400.0
20250520,91200.0,55900.0,202000.0
20250521,91200.0,55700.0,200500.0
20250522,89200.0,54700.0,196900.0
20250523,87100.0,54200.0,200000.0
20250526,88100.0,54700.0,203000.0
20250527,88200.0,53900.0,202500.0
20250528,89000.0,55900.0,208000.0
20250529,93200.0,56100.0,212000.0
20250530,89400.0,56200.0,204500.0
20250602,88400.0,56800.0,207500.0
20250604,89600.0,57800.0,217500.0
20250605,93100.0,59100.0,224500.0
20250609,95300.0,59800.0,229000.0
20250610,94500.0,59200.0,230500.0
20250611,96900.0,59900.0,240000.0
20250612,98400.0,59500.0,235500.0
20250613,97200.0,58300.0,235500.0
20250616,97500.0,57200.0,248000.0
20250617,99600.0,58100.0,249000.0
20250618,98900.0,59800.0,246500.0
20250619,98200.0,59200.0,246000.0
20250620,98700.0,59500.0,257000.0
20250623,95900.0,58000.0,259500.0
20250624,96900.0,60500.0,278500.0
20250625,101100.0,61300.0,286000.0
20250626,99100.0,60200.0,293000.0
20250627,97700.0,60800.0,284000.0
20250630,96900.0,59800.0,292000.0
20250701,98700.0,60200.0,285500.0
20250702,100000.0,60800.0,279000.0
20250703,100100.0,63800.0,278500.0
20250704,99100.0,63300.0,270500.0
20250707,98600.0,61700.0,271000.0
20250708,99100.0,61400.0,282000.0
20250709,99600.0,60400.0,281000.0
20250710,100100.0,61000.0,297000.0
20250711,100800.0,62600.0,294500.0
20250714,103000.0,62500.0,300000.0
20250715,100000.0,63700.0,298500.0
20250716,99500.0,64700.0,296000.0
20250717,100200.0,66700.0,269500.0
20250718,99800.0,67100.0,269000.0
20250721,99300.0,67800.0,272500.0
20250722,97800.0,66000.0,268500.0
20250723,106100.0,66400.0,269000.0
20250724,105000.0,66000.0,269500.0
20250725,104100.0,65900.0,266000.0
20250728,105500.0,70400.0,262000.0
20250729,105700.0,70600.0,262500.0
20250730,110400.0,72600.0,263500.0
20250731,102300.0,71400.0,273500.0
20250801,100800.0,68900.0,258000.0
20250804,102800.0,69700.0,258000.0
20250805,101400.0,69900.0,263500.0
20250806,101800.0,68800.0,258500.0
20250807,101800.0,70500.0,262000.0
20250808,101900.0,71800.0,256500.0
20250811,101600.0,71000.0,267000.0
20250812,101800.0,71100.0,269000.0
20250813,103200.0,71900.0,278000.0
20250814,103700.0,71600.0,276500.0
20250818,102200.0,70000.0,267500.0
20250819,104000.0,70000.0,263000.0
20250820,105100.0,70500.0,255500.0
20250821,103900.0,70600.0,245000.0
20250822,104800.0,71400.0,251000.0
20250825,104700.0,71500.0,259500.0
20250826,103000.0,70300.0,261500.0
20250827,103500.0,70600.0,260000.0
20250828,105700.0,69600.0,268500.0
20250829,105800.0,69700.0,269000.0
20250901,106500.0,67600.0,256000.0
20250902,107200.0,69100.0,260500.0
20250903,107000.0,69800.0,262500.0
20250904,107000.0,70100.0,265500.0
20250905,106600.0,69500.0,273500.0
20250908,104900.0,70100.0,277000.0
20250909,105500.0,71500.0,288000.0
20250910,106000.0,72600.0,304000.0
20250911,106600.0,73400.0,307000.0
20250912,105900.0,75400.0,328500.0
20250915,101700.0,76500.0,331000.0
20250916,101400.0,79400.0,348000.0
20250917,101000.0,78200.0,333500.0
20250918,102100.0,80500.0,353000.0
20250919,101600.0,79700.0,353000.0
20250922,101900.0,83500.0,351000.0
20250923,102800.0,84700.0,361000.0
20250924,103000.0,85400.0,357500.0
20250925,102000.0,86100.0,356500.0
20250926,100200.0,83300.0,336500.0
20250929,100700.0,84200.0,349000.0
20250930,100700.0,83900.0,347500.0
20251001,100600.0,86000.0,360000.0
20251002,104200.0,89000.0,395500.0
20251010,100600.0,94400.0,428000.0
20251013,101100.0,93300.0,415000.0
20251014,102500.0,91600.0,411500.0
20251015,103800.0,95000.0,422500.0
20251016,111300.0,97700.0,452500.0
20251017,112100.0,97900.0,465500.0
20251020,114500.0,98100.0,485500.0
20251021,115800.0,97500.0,479000.0
20251022,118100.0,98600.0,481500.0
20251023,115000.0,96500.0,478500.0
20251024,114900.0,98800.0,510000.0
20251027,114800.0,102000.0,535000.0
20251028,113600.0,99500.0,521000.0
20251029,115800.0,100500.0,558000.0
20251030,116200.0,104100.0,568000.0
20251031,119900.0,107500.0,559000.0
20251103,117700.0,111100.0,620000.0
20251104,114400.0,104900.0,586000.0
20251105,111000.0,100600.0,579000.0
20251106,112000.0,99200.0,593000.0
20251107,110100.0,97900.0,580000.0
20251110,113700.0,100600.0,606000.0
20251111,116000.0,103500.0,619000.0
20251112,118600.0,103100.0,617000.0
20251113,118000.0,102800.0,612000.0
20251114,117000.0,97200.0,560000.0
20251117,117400.0,100600.0,606000.0
20251118,114500.0,97800.0,570000.0
20251119,114500.0,96500.0,562000.0
20251120,113400.0,100600.0,571000.0
20251121,114000.0,94800.0,521000.0
20251124,111100.0,96700.0,520000.0
20251125,111200.0,99300.0,519000.0
20251126,113200.0,102800.0,524000.0
20251127,114000.0,103500.0,544000.0
20251128,114100.0,100500.0,530000.0
20251201,112300.0,100800.0,538000.0
20251202,117000.0,103400.0,558000.0
20251203,118600.0,104500.0,552000.0
20251204,120300.0,105100.0,542000.0
20251205,123600.0,108400.0,544000.0
20251208,125600.0,109500.0,577000.0
20251209,123800.0,108400.0,566000.0
20251210,123400.0,108000.0,587000.0
20251211,122900.0,107300.0,565000.0
20251212,125800.0,108900.0,571000.0
20251215,124000.0,104800.0,554000.0
20251216,120800.0,102800.0,530000.0
20251217,121500.0,107900.0,551000.0
20251218,120400.0,107600.0,552000.0
20251219,121000.0,106300.0,547000.0
20251222,121100.0,110500.0,580000.0
20251223,120200.0,111500.0,584000.0
20251224,121000.0,111100.0,588000.0
20251226,119800.0,117000.0,599000.0
20251229,121100.0,119500.0,640000.0
20251230,121800.0,119900.0,651000.0
20260102,120600.0,128500.0,677000.0
20260105,122600.0,138100.0,696000.0
20260106,122500.0,138900.0,726000.0
20260107,129300.0,141000.0,742000.0
20260108,124900.0,138800.0,756000.0
20260109,133200.0,139000.0,744000.0
20260112,129300.0,138800.0,749000.0
20260113,136000.0,137600.0,738000.0
20260114,143000.0,140300.0,742000.0
20260115,152500.0,143900.0,749000.0
20260116,151100.0,148900.0,756000.0
20260119,169500.0,149300.0,764000.0
20260120,163900.0,145200.0,743000.0
20260121,172100.0,149500.0,740000.0
20260122,164600.0,152300.0,755000.0
20260123,159000.0,152100.0,767000.0
20260126,155200.0,152100.0,736000.0
20260127,153500.0,159500.0,800000.0
20260128,149700.0,162400.0,841000.0
20260129,154900.0,160700.0,861000.0
20260130,152600.0,160500.0,909000.0
20260202,150100.0,150400.0,830000.0
20260203,154000.0,167500.0,907000.0
20260204,156800.0,169100.0,900000.0
20260205,156200.0,159300.0,842000.0
20260206,151900.0,158600.0,839000.0
20260209,153800.0,166400.0,887000.0
20260210,154700.0,165800.0,876000.0
20260211,161800.0,167800.0,860000.0
20260212,166300.0,178600.0,888000.0
20260213,164100.0,181200.0,880000.0
20260219,170000.0,190000.0,894000.0
20260220,171800.0,190100.0,949000.0
20260223,172700.0,193000.0,951000.0
20260224,174000.0,200000.0,1005000.0
20260225,196100.0,203500.0,1018000.0
20260226,206000.0,218000.0,1099000.0
20260227,205500.0,216500.0,1061000.0
20260303,182300.0,195100.0,939000.0
20260304,156700.0,172200.0,849000.0
20260305,166400.0,191600.0,941000.0
20260306,167000.0,188200.0,924000.0
20260309,153400.0,173500.0,836000.0
20260310,161000.0,187900.0,938000.0
20260311,162000.0,190000.0,955000.0
20260312,167000.0,187900.0,930000.0
20260313,164300.0,183500.0,910000.0
20260316,162000.0,188700.0,974000.0
20260317,167300.0,193900.0,970000.0
20260318,175100.0,208500.0,1056000.0
20260319,170500.0,200500.0,1013000.0
20260320,168500.0,199400.0,1007000.0
20260323,161700.0,186300.0,933000.0
20260324,157900.0,189700.0,986000.0
20260325,157900.0,189000.0,995000.0
20260326,154700.0,180100.0,933000.0
20260327,155800.0,179700.0,922000.0
20260330,151500.0,176300.0,873000.0
20260331,145200.0,167200.0,807000.0
20260401,155300.0,189600.0,893000.0
20260402,150600.0,178400.0,830000.0
20260403,150200.0,186200.0,876000.0
20260406,151600.0,193100.0,886000.0
20260407,150800.0,196500.0,916000.0
20260408,159200.0,210500.0,1033000.0
20260409,150500.0,204000.0,998000.0
20260410,149000.0,206000.0,1027000.0
20260413,147400.0,201000.0,1040000.0
20260414,149200.0,206500.0,1103000.0
20260415,151500.0,211000.0,1136000.0
20260416,157900.0,217500.0,1155000.0
20260417,159200.0,216000.0,1128000.0
20260420,157400.0,214500.0,1166000.0
20260421,160000.0,219000.0,1224000.0
20260422,160000.0,217500.0,1223000.0
20260423,158400.0,224500.0,1225000.0
20260424,153400.0,219500.0,1222000.0
20260427,152600.0,224500.0,1292000.0
20260428,155600.0,222000.0,1300000.0
20260429,156900.0,226000.0,1293000.0
20260430,151800.0,220500.0,1286000.0
20260504,154000.0,232500.0,1447000.0
20260506,154600.0,266000.0,1601000.0
20260507,157600.0,271500.0,1654000.0
20260508,164500.0,268500.0,1686000.0
20260511,174700.0,285500.0,1880000.0
20260512,168300.0,279000.0,1835000.0
20260513,179500.0,284000.0,1976000.0
20260514,178100.0,296000.0,1970000.0
20260515,168000.0,270500.0,1819000.0
20260518,162500.0,281000.0,1840000.0
20260519,154900.0,275500.0,1745000.0
20260520,149400.0,276000.0,1745000.0
20260521,167900.0,299500.0,1940000.0
20260522,164800.0,292500.0,1941000.0
20260526,167000.0,299000.0,2052000.0
20260527,164700.0,307000.0,2243000.0
20260528,164300.0,299500.0,2289000.0
20260529,169200.0,317000.0,2333000.0
20260601,169900.0,349000.0,2363000.0
20260602,168800.0,360500.0,2360000.0
20260604,164300.0,351500.0,2298000.0
20260605,161100.0,329000.0,2070000.0
20260608,151400.0,295500.0,1911000.0
20260609,164300.0,322000.0,2215000.0
20260610,159700.0,302500.0,2048000.0
20260611,156000.0,299000.0,2101000.0
20260612,166800.0,322500.0,2150000.0
20260615,167500.0,337000.0,2288000.0
20260616,170200.0,343000.0,2382000.0
20260617,166300.0,346500.0,2521000.0
20260618,158800.0,362500.0,2685000.0
20260619,154900.0,354000.0,2764000.0
20260622,151400.0,353500.0,2919000.0
20260623,137400.0,310000.0,2555000.0
20260624,138900.0,340500.0,2580000.0
20260625,139500.0,358500.0,2917000.0
20260626,135300.0,339500.0,2673000.0
20260629,140600.0,323000.0,2628000.0
20260630,138000.0,334000.0,2650000.0
20260701,141500.0,314500.0,2560000.0
20260702,145200.0,286000.0,2187000.0
20260703,152000.0,309500.0,2425000.0
20260706,160700.0,318000.0,2343000.0
20260707,153700.0,296000.0,2201000.0
20260708,156800.0,277500.0,2076000.0
20260709,144800.0,278000.0,2186000.0
20260710,147500.0,285000.0,2180000.0
20260713,143500.0,254500.0,1845000.0
20260714,139600.0,263000.0,1913000.0
20260715,145000.0,279500.0,2082000.0
20260716,149700.0,255000.0,1842000.0
20260720,140000.0,244000.0,1764000.0
20260721,144600.0,259000.0,1836000.0
20260722,146800.0,260500.0,1830000.0
20260723,149800.0,270000.0,1919000.0
20260724,130500.0,249500.0,1759000.0
20260727,130400.0,254000.0,1816000.0
20260728,121800.0,220000.0,1550000.0
20260729,120400.0,208500.0,1401000.0
20260730,120800.0,207000.0,1322000.0
20260731,131900.0,262500.0,1718000.0
20260803,129600.0,239500.0,1567000.0
20260804,129600.0,240000.0,1577000.0
20260805,133000.0,246000.0,1668000.0
20260806,133600.0,230500.0,1495000.0
20260807,134900.0,231000.0,1422000.0
20260810,135500.0,230000.0,1420000.0
20260811,134300.0,239500.0,1425000.0
20260812,135600.0,255500.0,1504000.0
20260813,137400.0,268000.0,1593000.0
20260814,141700.0,274500.0,1645000.0
20260818,137200.0,268500.0,1662000.0
20260819,133000.0,247500.0,1500000.0
20260820,131100.0,271000.0,1691000.0
20260821,130900.0,281500.0,1730000.0
20260824,131500.0,257000.0,1671000.0
20260825,134900.0,257000.0,1678000.0
20260826,131400.0,261500.0,1688000.0
20260827,126100.0,266000.0,1730000.0
20260828,128000.0,257000.0,1653000.0
20260831,131000.0,260000.0,1674000.0
20260901,131200.0,261000.0,1693000.0
20260902,124400.0,250500.0,1613000.0
20260903,127400.0,250000.0,1596000.0
20260904,126500.0,255500.0,1647000.0
20260907,128400.0,270000.0,1783000.0
20260908,127300.0,278500.0,1882000.0
